<?xml version="1.0" encoding="UTF-8"?>
<metadata>
	<idinfo>
		<citation>
			<citeinfo>
				<origin>Oregon Department of Environmental Quality, Water Quality Division.</origin>
				<pubdate>Unknown</pubdate>
				<title>So_Willamette_Valley_GWMA</title>
				<geoform>vector digital data</geoform>
				<onlink>withheld</onlink>
			</citeinfo>
		</citation>
		<descript>
			<abstract>This polygon layer contains a spatial representation of a geographic area that is designated as a Groundwater Management Area for the Southern Willamette Valley in Oregon.</abstract>
			<purpose>Based on Oregon's Groundwater Protection Act of 1989, DEQ is required to declare a Groundwater Management Area (GWMA) if area-wide groundwater contamination caused primarily by nonpoint source pollution, exceeds certain trigger levels. Studies beginning in the 1990s show that shallow groundwater contains nitrate above levels that are a concern. On May 10, 2004, following a public comment period on the final Southern Willamette Valley groundwater report and proposal for declaring a GWMA, DEQ declared the Southern Willamette Valley Groundwater Management Area for portions of the Southern Willamette Valley.</purpose>
			<supplinf>For more information, please refer to the following link:

http://www.deq.state.or.us/wq/groundwater/groundwater.htm</supplinf>
		</descript>
		<timeperd>
			<timeinfo>
				<sngdate>
					<caldate>April 2008, present</caldate>
				</sngdate>
			</timeinfo>
			<current>publication date</current>
		</timeperd>
		<status>
			<progress>Complete</progress>
			<update>As needed</update>
		</status>
		<spdom>
			<bounding>
				<westbc>-123.322785</westbc>
				<eastbc>-123.045645</eastbc>
				<northbc>44.644932</northbc>
				<southbc>44.105931</southbc>
			</bounding>
		</spdom>
		<keywords>
			<theme>
				<themekt>GWMA, groundwater</themekt>
				<themekey>Southern Willamette Valley Groundwater Management  Area,  (GWMA)</themekey>
			</theme>
			<place>
				<placekey>Oregon</placekey>
			</place>
		</keywords>
		<accconst>none</accconst>
		<useconst>none</useconst>
		<ptcontac>
			<cntinfo>
				<cntpos>GIS Coordinator</cntpos>
				<cntaddr>
					<addrtype>mailing and physical address</addrtype>
					<address>811 SW Sixth Avenue</address>
					<city>Portland</city>
					<state>OR</state>
					<postal>97204-1390</postal>
					<country>USA</country>
				</cntaddr>
				<cntvoice>503-229-5154</cntvoice>
				<cntfax>503-229-6524</cntfax>
				<cntemail>bishop.malavika@deq.state.or.us</cntemail>
				<hours>8.00am -5.00pm Monday- Friday</hours>
				<cntperp>
					<cntper>Malavika M. Bishop</cntper>
					<cntorg>Oregon Department of Environmental Quality</cntorg>
				</cntperp>
			</cntinfo>
		</ptcontac>
		<native>ESRI ArcCatalog 9.3.0.1770</native>
		<crossref>
			<citeinfo>
				<origin>Oregon Department of Environmental Quality</origin>
				<pubdate>2007</pubdate>
				<geoform>vector digital data</geoform>
			</citeinfo>
		</crossref>
	</idinfo>
	<dataqual>
		<lineage>
			<srcinfo>
				<typesrc>online</typesrc>
				<srctime>
					<timeinfo>
						<sngdate>
							<caldate>200108</caldate>
						</sngdate>
					</timeinfo>
					<srccurr>publication date</srccurr>
				</srctime>
				<srccontr>Please see the following websites for more information- 



http://www.deq.state.or.us/wq/groundwater/swvgwma.htm

http://www.deq.state.or.us/wq/pubs/factsheets/groundwater/sowillamettegwma.pdf</srccontr>
				<srccitea>Southern Willamette Valley Groundwater Management Area</srccitea>
			</srcinfo>
			<procstep>
				<procdate>Unknown</procdate>
				<date>20070807</date>
				<time>15033200</time>
				<procdesc>The GWMA boundaries were delineated</procdesc>
			</procstep>
			<procstep>
				<procdesc>Metadata imported.</procdesc>
				<srcused>withheld</srcused>
				<date>20080416</date>
				<time>11142300</time>
			</procstep>
		</lineage>
	</dataqual>
	<spdoinfo>
		<direct>Vector</direct>
		<ptvctinf><esriterm Name="So_Willamette_Valley_GWMA"><efeatyp Sync="TRUE">Simple</efeatyp><efeageom code="4" Sync="TRUE"/><esritopo Sync="TRUE">FALSE</esritopo><efeacnt Sync="TRUE">1</efeacnt><spindex Sync="TRUE">TRUE</spindex><linrefer Sync="TRUE">FALSE</linrefer></esriterm></ptvctinf></spdoinfo>
	<spref>
		<horizsys>
			<planar>
				<planci>
					<plance>coordinate pair</plance>
					<coordrep>
						<absres>0.000000</absres>
						<ordres>0.000000</ordres>
					</coordrep>
					<plandu>international feet</plandu>
				</planci>
			</planar>
			<geodetic>
				<horizdn>North American Datum of 1983</horizdn>
				<ellips>Geodetic Reference System 80</ellips>
				<semiaxis>6378137.000000</semiaxis>
				<denflat>298.257222</denflat>
			</geodetic>
		</horizsys>
	</spref>
	<eainfo>
		<detailed Name="So_Willamette_Valley_GWMA">
			<attr>
				<attrlabl>Shape</attrlabl>
				<attrdef>Feature geometry.</attrdef>
				<attrdefs>ESRI</attrdefs>
				<attrdomv>
					<udom>Coordinates defining the features.</udom>
				</attrdomv>
				<attalias Sync="TRUE">Shape</attalias>
				<attrtype Sync="TRUE">Geometry</attrtype>
				<attwidth Sync="TRUE">0</attwidth>
				<atprecis Sync="TRUE">0</atprecis>
				<attscale Sync="TRUE">0</attscale>
			</attr>
			<attr>
				<attrlabl Sync="TRUE">OBJECTID</attrlabl>
				<attalias Sync="TRUE">OBJECTID</attalias>
				<attrtype Sync="TRUE">OID</attrtype>
				<attwidth Sync="TRUE">4</attwidth>
				<atprecis Sync="TRUE">0</atprecis>
				<attscale Sync="TRUE">0</attscale>
				<attrdef Sync="TRUE">Internal feature number.</attrdef>
				<attrdefs Sync="TRUE">Esri</attrdefs>
				<attrdomv>
					<udom Sync="TRUE">Sequential unique whole numbers that are automatically generated.</udom>
				</attrdomv>
			</attr>
			<enttyp>
				<enttypl>So_Willamette_Valley_GWMA</enttypl>
				<enttypds>Custom</enttypds>
				<enttypt Sync="TRUE">Feature Class</enttypt>
				<enttypc Sync="TRUE">1</enttypc>
			</enttyp>
			<attr>
				<attrlabl>AREA</attrlabl>
				<attrdef>Total area of the polygon</attrdef>
				<attrdefs>ESRI</attrdefs>
				<attalias Sync="TRUE">AREA</attalias>
				<attrtype Sync="TRUE">Double</attrtype>
				<attwidth Sync="TRUE">8</attwidth>
				<atprecis Sync="TRUE">0</atprecis>
				<attscale Sync="TRUE">0</attscale>
			</attr>
			<attr>
				<attrlabl>NAME</attrlabl>
				<attalias Sync="TRUE">NAME</attalias>
				<attrtype Sync="TRUE">String</attrtype>
				<attwidth Sync="TRUE">50</attwidth>
				<atprecis Sync="TRUE">0</atprecis>
				<attscale Sync="TRUE">0</attscale>
			</attr>
			<attr>
				<attrlabl Sync="TRUE">Shape_Length</attrlabl>
				<attalias Sync="TRUE">Shape_Length</attalias>
				<attrtype Sync="TRUE">Double</attrtype>
				<attwidth Sync="TRUE">8</attwidth>
				<atprecis Sync="TRUE">0</atprecis>
				<attscale Sync="TRUE">0</attscale>
				<attrdef Sync="TRUE">Length of feature in internal units.</attrdef>
				<attrdefs Sync="TRUE">Esri</attrdefs>
				<attrdomv>
					<udom Sync="TRUE">Positive real numbers that are automatically generated.</udom>
				</attrdomv>
			</attr>
			<attr>
				<attrlabl Sync="TRUE">Shape_Area</attrlabl>
				<attalias Sync="TRUE">Shape_Area</attalias>
				<attrtype Sync="TRUE">Double</attrtype>
				<attwidth Sync="TRUE">8</attwidth>
				<atprecis Sync="TRUE">0</atprecis>
				<attscale Sync="TRUE">0</attscale>
				<attrdef Sync="TRUE">Area of feature in internal units squared.</attrdef>
				<attrdefs Sync="TRUE">Esri</attrdefs>
				<attrdomv>
					<udom Sync="TRUE">Positive real numbers that are automatically generated.</udom>
				</attrdomv>
			</attr>
		</detailed>
	</eainfo>
	<distinfo>
		<resdesc>Downloadable Data</resdesc>
		<stdorder>
			<digform>
				<digtinfo>
					<transize>0.030</transize>
				</digtinfo>
			</digform>
		</stdorder>
	</distinfo>
	<metainfo>
		<metd>20090415</metd>
		<metc>
			<cntinfo>
				<cntpos>GIS Coordinator</cntpos>
				<cntaddr>
					<addrtype>mailing and physical address</addrtype>
					<address>811 SW Sixth Avenue</address>
					<city>Portland</city>
					<state>OR</state>
					<postal>97204-1390</postal>
					<country>USA</country>
				</cntaddr>
				<cntvoice>503-229-5154</cntvoice>
				<cntfax>503-229-6524</cntfax>
				<cntemail>bishop.malavika@deq.state.or.us</cntemail>
				<hours>8.00am - 5.00pm Monday- Friday</hours>
				<cntorgp>
					<cntorg>Oregon Department of Environmental Quality</cntorg>
					<cntper>Malavika M. Bishop</cntper>
				</cntorgp>
			</cntinfo>
		</metc>
		<metstdn>FGDC Content Standards for Digital Geospatial Metadata</metstdn>
		<metstdv>FGDC-STD-001-1998</metstdv>
		<mettc>local time</mettc>
	</metainfo>
	<Esri>
		<DataProperties>
			<itemProps>
				<itemName>So_Willamette_Valley_GWMA</itemName>
				<imsContentType>002</imsContentType>
				<nativeExtBox><westBL Sync="TRUE">-13726515.948500</westBL><eastBL Sync="TRUE">-13697380.135900</eastBL><southBL Sync="TRUE">5482765.961100</southBL><northBL Sync="TRUE">5565532.246300</northBL><exTypeCode Sync="TRUE">1</exTypeCode></nativeExtBox></itemProps>
			<coordRef>
				<type>Projected</type>
				<geogcsn>GCS_WGS_1984</geogcsn>
				<csUnits>Linear Unit: Meter (1.000000)</csUnits>
				<projcsn>WGS_1984_Web_Mercator_Auxiliary_Sphere</projcsn>
				<peXml>&lt;ProjectedCoordinateSystem xsi:type='typens:ProjectedCoordinateSystem' xmlns:xsi='http://www.w3.org/2001/XMLSchema-instance' xmlns:xs='http://www.w3.org/2001/XMLSchema' xmlns:typens='http://www.esri.com/schemas/ArcGIS/3.0.0'&gt;&lt;WKT&gt;PROJCS[&amp;quot;WGS_1984_Web_Mercator_Auxiliary_Sphere&amp;quot;,GEOGCS[&amp;quot;GCS_WGS_1984&amp;quot;,DATUM[&amp;quot;D_WGS_1984&amp;quot;,SPHEROID[&amp;quot;WGS_1984&amp;quot;,6378137.0,298.257223563]],PRIMEM[&amp;quot;Greenwich&amp;quot;,0.0],UNIT[&amp;quot;Degree&amp;quot;,0.0174532925199433]],PROJECTION[&amp;quot;Mercator_Auxiliary_Sphere&amp;quot;],PARAMETER[&amp;quot;False_Easting&amp;quot;,0.0],PARAMETER[&amp;quot;False_Northing&amp;quot;,0.0],PARAMETER[&amp;quot;Central_Meridian&amp;quot;,0.0],PARAMETER[&amp;quot;Standard_Parallel_1&amp;quot;,0.0],PARAMETER[&amp;quot;Auxiliary_Sphere_Type&amp;quot;,0.0],UNIT[&amp;quot;Meter&amp;quot;,1.0],AUTHORITY[&amp;quot;EPSG&amp;quot;,3857]]&lt;/WKT&gt;&lt;XOrigin&gt;-20037700&lt;/XOrigin&gt;&lt;YOrigin&gt;-30241100&lt;/YOrigin&gt;&lt;XYScale&gt;10000&lt;/XYScale&gt;&lt;ZOrigin&gt;-100000&lt;/ZOrigin&gt;&lt;ZScale&gt;10000&lt;/ZScale&gt;&lt;MOrigin&gt;-100000&lt;/MOrigin&gt;&lt;MScale&gt;10000&lt;/MScale&gt;&lt;XYTolerance&gt;0.001&lt;/XYTolerance&gt;&lt;ZTolerance&gt;0.001&lt;/ZTolerance&gt;&lt;MTolerance&gt;0.001&lt;/MTolerance&gt;&lt;HighPrecision&gt;true&lt;/HighPrecision&gt;&lt;WKID&gt;102100&lt;/WKID&gt;&lt;LatestWKID&gt;3857&lt;/LatestWKID&gt;&lt;/ProjectedCoordinateSystem&gt;</peXml>
			</coordRef>
		</DataProperties>
		<SyncDate>20230628</SyncDate>
		<SyncTime>12283900</SyncTime>
		<ModDate>20230628</ModDate>
		<ModTime>12283900</ModTime>
		<ArcGISFormat>1.0</ArcGISFormat>
		<CreaDate>20230809</CreaDate><CreaTime>04140200</CreaTime><SyncOnce>TRUE</SyncOnce></Esri>
	<mdChar>
		<CharSetCd value="004"/>
	</mdChar>
	<mdHrLv>
		<ScopeCd value="005"/>
	</mdHrLv>
	<mdContact>
		<rpIndName>Malavika M. Bishop</rpIndName>
		<rpOrgName>Oregon Department of Environmental Quality</rpOrgName>
		<rpPosName>GIS Coordinator</rpPosName>
		<rpCntInfo>
			<cntPhone>
				<voiceNum>503-229-5154</voiceNum>
				<faxNum>503-229-6524</faxNum>
			</cntPhone>
			<cntAddress addressType="both">
				<delPoint>811 SW Sixth Avenue</delPoint>
				<city>Portland</city>
				<adminArea>OR</adminArea>
				<postCode>97204-1390</postCode>
				<country>US</country>
				<eMailAdd>bishop.malavika@deq.state.or.us</eMailAdd>
			</cntAddress>
			<cntHours>8.00am - 5.00pm Monday- Friday</cntHours>
		</rpCntInfo>
		<role>
			<RoleCd value="007"/>
		</role>
	</mdContact>
	<mdDateSt>20090415</mdDateSt>
	<mdStanName>ArcGIS Metadata</mdStanName>
	<mdStanVer>1.0</mdStanVer>
	<distInfo>
		<distributor>
			<distorFormat>
			</distorFormat>
		</distributor>
		<distTranOps>
			<onLineSrc>
				<linkage>withheld</linkage>
			</onLineSrc>
		</distTranOps>
		<distFormat><formatName Sync="TRUE">File Geodatabase Feature Class</formatName></distFormat></distInfo>
	<dataIdInfo><idCitation><resTitle>So_Willamette_Valley_GWMA</resTitle><date><pubDate date="unknown"/></date><citRespParty><rpOrgName>Oregon Department of Environmental Quality, Water Quality Division.</rpOrgName><role><RoleCd value="006"/></role></citRespParty><presForm><PresFormCd value="005"/></presForm><presForm><fgdcGeoform>vector digital data</fgdcGeoform></presForm></idCitation><idAbs>This polygon layer contains a spatial representation of a geographic area that is designated as a Groundwater Management Area for the Southern Willamette Valley in Oregon.</idAbs><idPurp>Based on Oregon's Groundwater Protection Act of 1989, DEQ is required to declare a Groundwater Management Area (GWMA) if area-wide groundwater contamination caused primarily by nonpoint source pollution, exceeds certain trigger levels. Studies beginning in the 1990s show that shallow groundwater contains nitrate above levels that are a concern. On May 10, 2004, following a public comment period on the final Southern Willamette Valley groundwater report and proposal for declaring a GWMA, DEQ declared the Southern Willamette Valley Groundwater Management Area for portions of the Southern Willamette Valley.</idPurp><idStatus><ProgCd value="001"/></idStatus><idPoC><rpIndName>Malavika M. Bishop</rpIndName><rpOrgName>Oregon Department of Environmental Quality</rpOrgName><rpPosName>GIS Coordinator</rpPosName><rpCntInfo><cntPhone><voiceNum>503-229-5154</voiceNum><faxNum>503-229-6524</faxNum></cntPhone><cntAddress addressType="both"><delPoint>811 SW Sixth Avenue</delPoint><city>Portland</city><adminArea>OR</adminArea><postCode>97204-1390</postCode><country>US</country><eMailAdd>bishop.malavika@deq.state.or.us</eMailAdd></cntAddress><cntHours>8.00am -5.00pm Monday- Friday</cntHours></rpCntInfo><role><RoleCd value="007"/></role></idPoC><resMaint><maintFreq><MaintFreqCd value="009"/></maintFreq></resMaint><placeKeys><keyword>Oregon</keyword></placeKeys><themeKeys><keyword>Southern Willamette Valley Groundwater Management Area</keyword><keyword>(GWMA)</keyword><thesaName><resTitle>GWMA, groundwater</resTitle></thesaName></themeKeys><searchKeys><keyword>Southern Willamette Valley Groundwater Management Area</keyword><keyword>(GWMA)</keyword><keyword>Oregon</keyword></searchKeys><aggrInfo><aggrDSName><date><pubDate>2007</pubDate></date><citRespParty><rpOrgName>Oregon Department of Environmental Quality</rpOrgName><role><RoleCd value="006"/></role></citRespParty><presForm><PresFormCd value="005"/></presForm><presForm><fgdcGeoform>vector digital data</fgdcGeoform></presForm></aggrDSName><assocType><AscTypeCd value="001"/></assocType></aggrInfo><spatRpType><SpatRepTypCd value="001"/></spatRpType><envirDesc>ESRI ArcCatalog 9.3.0.1770</envirDesc><dataExt><geoEle><GeoBndBox><exTypeCode>true</exTypeCode><westBL>-123.322785</westBL><eastBL>-123.045645</eastBL><northBL>44.644932</northBL><southBL>44.105931</southBL></GeoBndBox></geoEle></dataExt><dataExt><exDesc>publication date</exDesc><tempEle><TempExtent><exTemp><TM_Instant><tmPosition/></TM_Instant></exTemp></TempExtent></tempEle><geoEle/></dataExt><suppInfo>For more information, please refer to the following link:

http://www.deq.state.or.us/wq/groundwater/groundwater.htm</suppInfo><dataLang><languageCode value="eng" Sync="TRUE"/><countryCode value="USA" Sync="TRUE"/></dataLang><dataExt><geoEle><GeoBndBox esriExtentType="search"><exTypeCode Sync="TRUE">1</exTypeCode><westBL Sync="TRUE">-123.307391</westBL><eastBL Sync="TRUE">-123.045659</eastBL><northBL Sync="TRUE">44.643250</northBL><southBL Sync="TRUE">44.111840</southBL></GeoBndBox></geoEle></dataExt></dataIdInfo>
	<dqInfo>
		<dqScope>
			<scpLvl>
				<ScopeCd value="005"/>
			</scpLvl>
		</dqScope>
		<dataLineage>
			<prcStep>
				<stepDesc>The GWMA boundaries were delineated</stepDesc>
				<stepDateTm date="unknown"/>
			</prcStep>
			<prcStep>
				<stepDesc>Metadata imported.</stepDesc>
				<stepSrc type="used">
					<srcCitatn>
						<resAltTitle>withheld</resAltTitle>
					</srcCitatn>
				</stepSrc>
			</prcStep>
			<dataSource>
				<srcDesc>Please see the following websites for more information- 



http://www.deq.state.or.us/wq/groundwater/swvgwma.htm

http://www.deq.state.or.us/wq/pubs/factsheets/groundwater/sowillamettegwma.pdf</srcDesc>
				<srcMedName>
					<MedNameCd value="015"/>
				</srcMedName>
				<srcExt>
					<exDesc>publication date</exDesc>
					<tempEle>
						<TempExtent>
							<exTemp>
								<TM_Instant>
									<tmPosition>2001-08</tmPosition>
								</TM_Instant>
							</exTemp>
						</TempExtent>
					</tempEle>
				</srcExt>
			</dataSource>
		</dataLineage>
	</dqInfo>
	<spatRepInfo>
		<VectSpatRep><geometObjs Name="So_Willamette_Valley_GWMA"><geoObjTyp><GeoObjTypCd value="002" Sync="TRUE"/></geoObjTyp><geoObjCnt Sync="TRUE">1</geoObjCnt></geometObjs><topLvl><TopoLevCd value="001" Sync="TRUE"/></topLvl></VectSpatRep></spatRepInfo>
	<Binary/>
	<mdLang><languageCode value="eng" Sync="TRUE"/><countryCode value="USA" Sync="TRUE"/></mdLang><mdHrLvName Sync="TRUE">dataset</mdHrLvName><refSysInfo><RefSystem><refSysID><identCode code="3857" Sync="TRUE"/><idCodeSpace Sync="TRUE">EPSG</idCodeSpace><idVersion Sync="TRUE">6.18.3(9.3.1.2)</idVersion></refSysID></RefSystem></refSysInfo></metadata>
