"","comid","n_ff_2006cat","n_uf_2006cat","n_ags_2006cat","n_cf_2006cat","n_cr_2006cat","n_lwr_2006cat","n_lw_2006cat","n_hw_2006cat","n_dep_2006cat","n_ff_2007cat","n_uf_2007cat","n_ags_2007cat","n_cf_2007cat","n_cr_2007cat","n_lwr_2007cat","n_lw_2007cat","n_hw_2007cat","n_dep_2007cat","n_ff_2008cat","n_uf_2008cat","n_ags_2008cat","n_cf_2008cat","n_cr_2008cat","n_lwr_2008cat","n_lw_2008cat","n_hw_2008cat","n_dep_2008cat","n_leg_2008cat","n_ff_2009cat","n_uf_2009cat","n_ags_2009cat","n_cf_2009cat","n_cr_2009cat","n_lwr_2009cat","n_lw_2009cat","n_hw_2009cat","n_dep_2009cat","n_leg_2009cat","n_ff_2010cat","n_uf_2010cat","n_ags_2010cat","n_cf_2010cat","n_cr_2010cat","n_lwr_2010cat","n_lw_2010cat","n_hw_2010cat","n_dep_2010cat","n_leg_2010cat","n_ff_2011cat","n_uf_2011cat","n_ags_2011cat","n_cf_2011cat","n_cr_2011cat","n_lwr_2011cat","n_lw_2011cat","n_hw_2011cat","n_dep_2011cat","n_leg_2011cat","n_ff_2012cat","n_uf_2012cat","n_ags_2012cat","n_cf_2012cat","n_cr_2012cat","n_lwr_2012cat","n_lw_2012cat","n_hw_2012cat","n_dep_2012cat","n_leg_2012cat","n_ff_2013cat","n_uf_2013cat","n_ags_2013cat","n_cf_2013cat","n_cr_2013cat","n_lwr_2013cat","n_lw_2013cat","n_hw_2013cat","n_dep_2013cat","n_leg_2013cat","n_ff_2014cat","n_uf_2014cat","n_ags_2014cat","n_cf_2014cat","n_cr_2014cat","n_lwr_2014cat","n_lw_2014cat","n_hw_2014cat","n_dep_2014cat","n_leg_2014cat","n_ff_2015cat","n_uf_2015cat","n_ags_2015cat","n_cf_2015cat","n_cr_2015cat","n_lwr_2015cat","n_lw_2015cat","n_hw_2015cat","n_dep_2015cat","n_leg_2015cat","n_ff_2016cat","n_uf_2016cat","n_ags_2016cat","n_cf_2016cat","n_cr_2016cat","n_lwr_2016cat","n_lw_2016cat","n_hw_2016cat","n_dep_2016cat","n_leg_2016cat","n_ff_2017cat","n_uf_2017cat","n_ags_2017cat","n_cf_2017cat","n_cr_2017cat","n_lwr_2017cat","n_lw_2017cat","n_hw_2017cat","n_dep_2017cat","n_leg_2017cat"
"1",23762867,134840.03449777,2718.13649794708,141640.324962044,2995.92917210849,13789.093511543,2741.71358097505,17593.4548037082,23238.0946852366,10533.2176053,164743.000998665,3459.38307000677,172707.296577024,3099.33494222072,12825.9405254139,2769.24287119458,17690.9011615529,23696.1890862983,9508.21957521,154258.282883875,4226.28266554337,162804.468183649,2801.80819976204,13529.7898121437,2943.51307100578,19274.1669121558,23816.890661938,9301.43932128,3014670.77490527,108156.440307472,4400.11829101043,117289.358089636,2511.09693967599,14258.5209537434,3121.39869182342,20880.3417962309,24102.2012929578,9197.29389942,3131960.1329949,134303.653701266,2325.92005716729,144019.984706083,2219.8738433533,14980.5624487536,3298.16186503254,22477.0196102174,24124.3294979841,9580.41931464,3275980.11770099,141409.855946276,3470.38527158726,151723.051697951,1932.10961979056,15723.8656271813,3479.86516717475,24104.9517590654,24284.62568437,9099.75389427,3427703.16939894,133667.386529036,2461.82652684924,144579.532536239,1644.71313821361,16473.5638483422,3662.59919938117,25740.9967173312,24388.6572974382,9282.41000001,3572282.70193518,131476.052197572,2404.05833278061,141227.621213354,1683.69357506152,15839.0587257193,3514.68605451722,23906.9341664396,24209.1037718009,8648.502985233,3713510.32314853,129379.567230749,2346.63821653388,137979.991531019,1723.72769380732,15217.2541703338,3369.65638099574,22093.950776796,24462.0434904317,10636.54901775,3851490.31467955,127423.885936684,2290.79927115284,134882.768288941,1765.66256654743,14612.7199145736,3227.93817362631,20305.9397002832,24750.9091265306,10218.8860137,3986373.08296849,125329.220610807,2230.67525118798,131637.963330147,1805.73628429812,13991.5187769586,3081.97708114749,18494.5252120004,25122.6588500784,10077.85334772,4118011.04629864,123359.691887385,2170.58948399142,128526.690057497,1847.38215343264,13385.6535978833,2940.78625140928,16705.2696145621,25565.5679076476,10563.97883499,4246537.73635613
"2",23762869,20867.0188769482,755.00288043767,22629.4794215589,398.171827238123,1844.30984940006,502.727628666343,3208.59856677265,6717.99411193096,2346.231762027,24754.8024040319,971.783447958304,26626.6677682054,391.921360220269,1705.50439326207,504.44644786576,3185.44839721538,6950.13563454849,2074.865196789,23494.3410184814,1184.9094368546,25326.4159712028,365.914768041787,1832.57997859449,527.962528253489,3298.74016327414,6972.47011528142,2038.65060024,506766.121514276,16478.7709920998,1229.41204205093,18255.9982484189,334.938444206108,1934.66920847521,546.188475596178,3376.95802058819,7032.34816187842,2040.954205374,525022.119762695,20660.5664464766,648.144376427829,22393.786278175,307.480762322183,2054.1938285618,568.200879050316,3479.93289793803,7021.49086335078,2136.279073689,547415.90604087,21853.6931823922,967.764407531487,23536.0843110902,278.768758198178,2164.3191990085,587.925105337681,3567.94156950831,7067.03881774468,2020.939704648,570951.99035196,20926.3876529585,685.232215625156,22570.6457781884,252.310193750062,2291.56366007347,612.383640085425,3683.51159155332,7083.6526619968,2060.347692087,593522.636130149,20546.7930420967,671.62142588114,22056.9653250701,255.103164600577,2283.76279113303,612.009095348733,3538.83190950589,7064.9884116693,1924.759919502,615579.601455219,20108.9338382888,653.052755630442,21481.2381014725,257.263810670009,2272.55289372861,609.151547325258,3387.59334624231,7104.32736979409,2375.157172338,637060.839556691,19671.5280279979,637.880187458846,20906.3952734782,259.35502264124,2260.42711617709,606.651586327226,3235.93933901612,7191.64793773018,2285.718174765,657967.234830169,19194.7226303951,621.471036903811,20289.9247775992,260.934182198911,2243.38005232159,602.444116092047,3077.64801732679,7309.73192490862,2265.872320836,678257.159607769,18558.0354852011,605.556484504259,19504.8195011714,260.348895147255,2205.10351693252,591.82570868629,2891.53863775561,7455.3620551608,2387.83954122,697761.97910894
"3",23763015,21027.9535474382,57.9748761018727,21556.2533684502,516.267321131168,2367.42319328383,368.777385789466,2379.45569316466,493.444119742836,732.0633043095,25936.2689301227,74.2531086725214,26687.6933750699,542.861231516663,2184.28490180132,370.238313217955,2392.8481152319,506.144969747018,610.3072799064,24253.8471980075,90.0905528264247,25200.20189148,486.081051415551,2298.12339665567,403.139979267631,2758.39703871264,505.214514946263,600.3674622774,450964.063771146,16862.222057504,93.3904138546576,17998.3629350798,427.041684125541,2400.34764430578,433.972692402788,3109.44683775602,509.026713433443,611.6747563008,468962.426706225,20780.6246957793,49.4654389721627,22106.4616753006,368.798847113965,2504.28433445223,465.036341032127,3461.32246685954,510.478811757835,632.075433147,491068.888381526,21796.5694367474,73.5367212378067,23319.8401733113,312.666108797769,2622.73939270934,498.800471900929,3833.3440204755,512.047096469276,603.8558633277,514388.728554837,20352.1573776286,52.2776089471654,22061.1492381031,254.262250285877,2721.33263930259,528.771761740096,4176.06224949127,515.32126802931,629.6724030375,536449.87779294,19933.5682920931,50.8830711139081,21422.069093603,261.108018891922,2540.80190322671,487.215243755059,3768.19468584469,509.735556954059,565.908281064,557871.946886543,19662.7185236527,48.9195691038276,20943.7505326831,269.759352711804,2380.44000725193,449.599202738794,3391.71266357052,507.338230575292,735.7242051315,578815.697419227,19521.1309026409,47.2924107720037,20602.4935992872,280.224600096275,2235.30904426389,414.835851360222,3036.44714081395,508.343519990265,703.774658961,599418.191018514,19199.6771877972,46.5306877345926,20071.2834191999,288.115931560381,2069.49908426838,376.229781713088,2652.98938411069,521.296311599467,690.8443781589,619489.474437714,18799.4322413303,45.7775944302538,19460.2051699866,294.662017864731,1896.87652892209,336.493600289526,2262.98743971362,536.352878681706,748.6805521134,638949.6796077
"4",23763061,118335.799510702,84.0965492323974,122184.634475967,2824.58245900329,12965.5942926905,2172.05373456273,13989.8467989525,716.72343792338,4740.579084429,145644.95122452,109.573286831434,150679.933408544,2959.31059944826,11998.0113231039,2185.75043638756,14073.6829076789,747.962737682502,3869.936352765,136310.604862041,140.184653740804,142275.645915142,2657.74930658293,12637.9083825963,2362.77009454002,15945.2001291142,787.194122255179,4023.262287234,2558319.6418911,95361.2191270829,147.621283491709,102259.996258345,2356.55477017907,13282.8360062833,2540.93783531263,17825.058367366,805.68129223057,3903.698445561,2660579.63814944,118194.31471758,78.3186247360805,126029.906640825,2055.61104253726,13934.4468794676,2720.13063735126,19714.4277601759,809.315434628132,4066.32861585,2786609.54479027,124021.91914611,118.241591600326,132800.195559202,1754.24220846695,14590.6693141386,2900.94473080366,21614.7035187642,824.394078372589,3825.790596,2919409.74034947,116773.134183631,84.5016691543873,126498.506394258,1452.38361996042,15254.3769833059,3082.66411035632,23527.3655739723,834.025855860559,3985.333161633,3045908.24674373,115436.920194279,82.8681055948571,124039.909313415,1502.18053956641,14477.1737375116,2899.07963695508,21577.9823170817,831.238906057925,3566.769553737,3169948.15605714,114086.822211957,81.8621145637202,121563.752705073,1551.98352808851,13696.8700090756,2714.64259188148,19621.8169741032,850.049457796098,4566.367333773,3291511.90876221,112699.608382074,80.4060949848476,119046.254093715,1601.3443717062,12910.5520579527,2529.68326569947,17655.8533978873,864.997499238715,4199.111688537,3410558.16285593,111281.107136051,78.140570109803,116493.777130317,1650.43569530663,12120.1372992962,2343.26369109005,15682.3715982559,876.171003656751,4248.488945997,3527051.93998625,109847.178794343,76.6005606639521,113924.709510816,1699.29283546982,11328.2305144939,2157.10830063359,13706.4683954971,898.614920495153,4381.667208927,3640976.64949706
"5",23763073,96398.8444272836,271.032545776255,98820.7392703461,2366.73402670118,10853.0228387685,1690.59313170064,10908.1836551298,2306.85125979776,3693.572284455,118580.394535226,347.889564706443,122015.900520506,2481.95679897356,9986.53145256824,1692.72632743456,10940.0806388743,2371.38291381473,2810.585653227,111191.78371731,422.647037951128,115530.347638217,2228.43900585474,10535.7487243351,1848.1955879647,12645.8736393871,2370.1421688837,3094.098130341,2058442.07573463,77766.7853392112,439.857319574715,83006.5469459693,1969.47109740541,11070.1495542895,2001.43617478625,14340.4400636422,2397.45297746739,3049.730735562,2141448.6226806,96185.13139401,232.15374732334,102321.896094264,1707.02113564569,11591.3222669467,2152.46568474189,16021.0658315553,2395.80546622542,3202.565446062,2243770.51877487,100763.362776334,346.028620793851,107805.291199079,1445.42418200631,12124.6621704516,2305.90474565341,17721.1664111902,2409.44860731248,3042.311006853,2351575.80997394,94792.4836720269,245.130983416892,102752.307292875,1184.25529841521,12674.9157345255,2462.81451449828,19450.4840569582,2416.35399460085,3157.573231998,2454328.11726682,93776.5439490371,239.52274938986,100779.126667072,1228.37051802597,11953.0842572852,2292.08143013513,17727.2964572937,2399.48689005203,2792.305032579,2555107.24393389,92812.2905042454,233.122884865154,98859.0390667264,1273.32257642846,11236.1924530033,2122.205623036,16009.6184390558,2417.68588891436,3723.599842218,2653966.28300062,91657.1930516358,229.999736860118,96734.4946659568,1315.73321222732,10495.4038586179,1947.77084906078,14256.9722607116,2472.25451026322,3425.458309704,2750700.77766657,90575.9737192059,224.945901440852,94687.8440562344,1359.20936533682,9763.02324435693,1774.89332177345,12515.6842160486,2520.13186221092,3495.312745587,2845388.62172281,89522.3305500284,220.009893231462,92668.9113498266,1403.17166099471,9032.86894278769,1602.37239754835,10776.2780815911,2577.74444117935,3610.583197218,2938057.53307264
"6",23763075,26628.0392928795,312.701987974476,27297.0339413883,653.757698375035,2997.90646157843,466.988796459635,3013.14341171223,2661.51422086292,1190.960338509,32723.9664444393,398.7666947228,33672.0437638191,684.931698233059,2755.92707741497,467.132191250488,3019.07269856174,2718.1859486414,887.058545265,30519.0704234122,487.712437214657,31709.8862680007,611.6448956954,2891.77173467092,507.278590374419,3470.94268356398,2735.01931856711,1024.205966217,575037.421117797,21237.4858424687,510.764856019918,22668.4227451071,537.846773090274,3023.16912558159,546.576179550472,3916.25925512972,2783.93622285204,1000.962567486,597705.843862904,25996.4787030865,271.604710920771,27655.0954822486,461.365888421454,3132.84972517131,581.758609896765,4330.10061591194,2802.93580689118,1056.910650489,625360.939345153,27192.7139480554,404.67753957247,29093.0985716555,390.072395679622,3272.04711150564,622.287768215925,4782.35933942611,2817.82972719595,1004.334377742,654454.037916808,25480.973528892,288.801912842268,27620.6374254434,318.337243011525,3407.11815748837,662.024129124287,5228.44481102825,2846.83578557655,1036.088284419,682074.675342252,25116.4753873831,283.580042671415,26991.9997891057,328.998452953789,3201.43325728206,613.895590534376,4747.95920605082,2840.84328692689,915.321786228,709066.675131357,24809.0979206377,278.116809534724,26425.4180908764,340.364237446842,3003.47935933051,567.274084322052,4279.43529212237,2884.31179234472,1220.737647798,735492.093222234,24495.7292045723,273.17976408673,25852.6571367236,351.634644255641,2804.93611307182,520.549077302354,3810.22940096744,2936.3942459065,1126.696346523,761344.750358957,24118.8895535816,266.909159704565,25213.8128808747,361.935060884708,2599.73224322914,472.624850050784,3332.72050963747,2990.25798371474,1152.790782012,786558.563239832,23797.1837218116,262.180768100545,24633.6204066953,372.996699312583,2401.15332616859,425.949035295816,2864.59331173962,3071.83921426795,1190.223986796,811192.183646527
"7",23763311,1997.37994932292,0,2111.62232011699,43.1331576109113,198.747326184755,42.1052070444947,269.856539367914,0,114.5047216419,2472.80531801458,0,2604.27480263213,45.2178225263565,188.601374006625,43.1267538425287,274.853036097821,0,86.88906253341,2316.85986603608,0,2454.68856424419,40.9955650789062,199.136649342271,45.6317284715344,295.969782471473,0,95.9853592872,45060.8994688981,1616.25584477127,0,1759.865468266,36.644175528826,208.67978633495,47.950424250587,315.645234300847,0,94.6185124401,46820.7649371641,1969.71928916644,0,2117.00732992032,31.8744155720354,214.683280750641,49.5921768727818,330.096905932484,0,99.7881018444,48937.7722670844,2079.46420564306,0,2232.89294417214,28.0158092437364,225.911547556699,52.1746765920027,351.324476842037,0,94.9722538806,51170.6652112566,2025.81218090225,0,2190.05625718561,24.8348434142807,244.571336957478,56.1999914255387,383.980569826556,0,97.8752706246,53360.7214684422,1969.10300725675,0,2114.8968526609,25.0684571563962,233.684730891337,53.7971363417131,354.410119139089,0,87.01999317171,55475.6183211031,1983.82219628199,0,2116.29405437736,26.2513718498245,231.773502311,53.1052606836683,337.993988556548,0,116.0455461363,57591.9123754804,1970.45388380753,0,2087.14480899981,27.0898979832661,226.041113386513,51.6681299060057,315.642140595524,0,106.691111784,59679.0571844802,1922.41524883527,0,2021.37911560428,27.432263302529,216.324955259444,49.4931775317369,287.85655872592,0,108.5059637118,61700.4363000845,1899.56103893767,0,1982.00445407785,28.1485480391074,209.371201300393,47.8223294446806,263.666068401468,0,112.0118953797,63682.4407541624
"8",23763313,195015.704489991,2116.56954002104,230872.323079212,9473.86516466069,39287.7722768109,10523.1875703555,65670.5257013712,20209.8738948214,12941.57534391,236044.444947401,2613.81151837498,272598.127664679,9963.92205656606,39723.8639998551,11006.9858067292,66313.6246605671,20537.4662751303,9577.1528397,230233.495543982,3219.9965259904,265349.055727648,9184.34245987229,40815.3879364507,10724.5387922261,66746.6056602442,20789.9760003742,10704.5077617,5001489.77082955,168090.939191436,3343.00675000968,201765.874707855,8403.34378651304,41907.469942138,10441.4489907347,67179.0616720437,21019.3082560227,10571.45398587,5203255.64553741,217579.304179878,1781.04556019859,249783.370065931,7614.17375212579,42963.193758672,10148.8967502739,67553.0858925998,21216.9331865401,11115.53980389,5453039.01560334,239182.689731829,2662.65073877559,269979.085391151,6838.24978342471,44097.925113112,9875.74594126456,68056.0709890093,21358.9700304281,10634.01087933,5723018.10099449,235997.588667874,1896.89059562699,265324.300112354,6047.14781453141,45148.5699748924,9582.65896872334,68428.1336048415,21554.8820221008,10859.96623014,5988342.40110684,225016.997749498,1859.48338063748,256321.893374946,7053.96661571756,43900.4085350225,9390.10348424861,68151.3375447531,21606.490467019,10130.40926811,6244664.29448179,213968.701447939,1823.30186021518,247233.148935271,8056.34216598494,42632.5308788219,9193.03691404558,67840.6362001693,21819.3820692891,12992.55081867,6491897.44341706,202742.444162773,1790.97591444401,237927.261796796,9048.66632132129,41325.308639015,8987.24907273834,67461.4599517161,22163.0149790415,12007.99153359,6729824.70521386,191868.759403342,1751.13693667487,229042.123536111,10058.3542332319,40097.7448603022,8799.06784555451,67212.7547598394,22597.8509468507,11916.73933821,6958866.82874997,180869.980328554,1711.63690316977,220006.774103825,11061.5685028304,38842.9218911411,8604.87580217754,66918.1471635813,23010.9876418259,12423.64306626,7178873.60285379
"9",23763353,15251.5659992007,7.68455621579785,18556.9733732626,718.488977424768,2962.61248580063,889.957623536896,5549.53088243777,74.2056779038788,1195.583394915,18398.6191618661,9.87643287941758,21739.4757678173,754.129421505106,3046.56973537901,936.428808986551,5633.29691982515,78.4254246155211,986.657626134,17931.616109327,12.0919382042358,21053.5131054568,697.457364172801,3118.41969832857,903.792913003261,5542.85933028565,78.8848387787617,1035.110018574,403420.785049352,13210.1854829665,14.445113664042,16134.0908200665,643.990656599909,3204.54177253543,876.599902580777,5484.45645303549,91.757178939268,997.764020658,419554.875869418,17280.4375782785,7.85860892676429,20011.6214161222,592.304666755794,3299.70938951897,851.460894243712,5438.58856060686,94.564910591166,1046.895470892,439566.497285541,19263.9606821853,12.0330809792027,21810.3253509676,541.978400644785,3406.29207850608,829.502054892961,5410.6783466436,97.482934813271,981.465925113,461376.822636508,19075.0943228196,8.29095432835049,21414.0832648594,487.84084786366,3488.36913745693,800.001036539062,5339.51723163306,95.1509824074285,1009.254332295,482790.905901368,18223.0758874644,8.53095009020849,20763.5894770836,570.338085256373,3456.6150650016,800.977560429907,5426.79056936441,100.140989887242,927.662764599,503554.495378451,17434.9798245544,8.53924140199995,20179.2723225029,653.16650581293,3427.82803249012,803.877699237733,5518.95402462574,103.195014492533,1134.508712634,523733.767700954,16575.0750988576,8.34887327704,19520.1057691793,735.968600605247,3394.20669904934,804.959560262126,5603.26876876575,104.318311988256,1045.174651254,543253.873470134,15647.2740746273,8.74296903158992,18784.8991559508,817.036080706867,3350.20406582406,803.371006663913,5670.79306644067,113.915115322638,1032.086861883,562038.772626084,14671.5069260069,8.91697280328144,17990.3021127158,895.093617662919,3295.56563275677,799.260296536642,5719.26720180279,121.004991827198,1059.820156332,580029.0747388
"10",23763361,6667.30762328034,21.2394375738019,8339.83877031417,391.060202321488,1591.48526158963,462.03748615639,2872.95620630198,204.151430467267,529.582087026,8015.45096771809,26.3235336020332,9693.43670718335,411.700883001844,1638.87248969323,485.799782999518,2905.15734615665,208.56317770496,423.6870896604,7968.5853242642,32.2233992391608,9552.70151550211,381.972512815042,1679.1881239814,468.360612451039,2881.33180240426,209.757060651978,438.2534435247,181802.463998618,5921.86665088992,33.2247118902856,7411.19219423396,352.103365393227,1719.42144862112,450.705105239202,2856.64362657193,210.650220055295,435.7324611495,189213.656192852,7813.69834033691,17.8030757016226,9208.40772216324,322.120321249476,1759.94915254998,433.097242348753,2832.53821312682,213.836003139278,466.6419179037,198422.063915016,8740.51189915448,26.8611452669162,10039.5416004391,291.798052621696,1799.41284654875,415.233322832327,2806.64449521172,217.231744557083,437.285496411,208461.605515455,8777.171737752,19.0016563021386,9980.08215233893,261.484913964306,1839.2701599822,397.195163022304,2780.69566060483,217.687418474139,445.4848980477,218441.687667794,8282.35291422791,18.5632131388784,9611.65626898365,309.761569799913,1801.20825460167,393.291614132489,2820.7500395575,217.536097245626,411.579151182,228053.343936777,7787.09287666272,18.1232277843168,9243.93353732,358.396207560112,1764.38641747071,389.565079701162,2862.83087056788,218.654500703341,512.9620801308,237297.277474097,7269.1717062695,17.7193655071969,8850.72315775514,406.396472507262,1723.5599975923,384.859453853057,2898.71497657068,221.033888466693,468.6428668356,246148.000631852,6775.41914663053,17.2771333002712,8486.00259222427,455.483647629434,1687.40491437063,381.303424860423,2942.50471233495,224.750595495608,475.3977710508,254634.003224077,6284.32588457957,17.2391012203142,8125.84394211326,505.148834511218,1652.33358174156,378.014572947014,2988.70280476404,233.572546015732,489.9848942898,262759.84716619
"11",23763371,5633.17424863281,3.83845257357865,7048.30274074767,331.08648547755,1347.26267663845,391.019569551489,2431.30468327576,36.8948368314338,458.9090444043,6766.21319028522,4.70063100036307,8184.64114580912,348.269193857547,1386.19640336706,410.772579890369,2456.35516503341,37.2434245901715,369.4961029671,6702.31750477032,5.75417843556443,8036.4321064603,321.906129012527,1414.92648384034,394.519975838899,2427.13495651779,37.4566179735675,381.4334234046,156092.18928552,4947.29858043579,5.93298426612243,6192.27931881144,294.425456502319,1437.65046964843,376.776216477859,2388.20575152176,37.6161107241599,380.3667705063,162284.468604331,6450.98458077613,3.35116719089366,7603.11156820046,266.165233589228,1454.11275573788,357.762237085928,2340.07450957298,40.2514829438641,404.4063710331,169887.580172532,7126.02577398699,4.99742237524023,8186.24369962394,238.261940057012,1469.04509361648,338.841607849017,2291.00107919641,40.4152082896898,378.7352168373,178073.823872156,7172.60677000949,3.53519187016533,8156.11066514044,213.828351903218,1503.95340294098,324.698027502474,2273.62894616871,40.499984832398,384.4192831137,186229.934537296,6796.66742820951,3.45362104909366,7888.91733027992,254.600813727677,1479.9487712182,322.97698724205,2317.59785956094,40.4718320456978,358.7581786392,194118.851867576,6313.86820328762,3.3717633087101,7496.89093563591,291.110791893487,1432.40205911463,316.10159144534,2324.31399956944,40.6799071075983,444.2658631254,201615.742803212,5823.42872793119,3.50266527467846,7091.54379215871,325.890665615029,1381.66884859348,308.438198066913,2323.89324720598,43.6927453945788,406.8066329523,208707.286595371,5361.68291654768,3.41524728028616,6716.6854767973,360.832224464071,1336.22046953635,301.869583554175,2330.39080532189,44.4274432956435,409.1677525377,215423.972072168,4913.79117338273,3.3302809175607,6355.29155997252,395.444419850025,1292.89403893362,295.709653101426,2338.95000567338,45.1219691166755,421.6242176631,221779.26363214
"12",23763465,70977.3603163607,56.794573932449,79727.644604211,1100.33693234142,5149.47490502278,2014.35041660266,12799.4222605317,619.704736416188,2914.063707519,84932.8365660383,70.542828698917,93895.0444254977,1067.04409021617,5017.22855907399,2063.05092346587,12912.3923283172,634.676681650015,2518.594752933,80986.7897180568,87.1866747075405,89300.8321093642,1032.18230772259,5457.63921875988,2120.05162544616,12739.4993023448,642.879805490898,2509.828613703,1751040.32527929,57760.5557229485,90.2067243025123,65422.8073018138,996.999372485068,5898.11791796418,2176.75625853257,12563.3701243444,647.588782162537,2401.97301693,1816463.1325811,73050.3400728027,48.0843458398134,80058.6538207555,961.663688574443,6339.34784873468,2233.46805526832,12385.997908113,654.160121014775,2493.183516093,1896521.78640186,78329.5078049172,72.5776543991807,84684.270536558,926.533905250817,6783.82911957052,2291.04794936714,12212.0579459605,661.592285363914,2340.820637595,1981206.05693842,75363.2248374104,51.4254690953679,81054.3942787766,890.043678635603,7219.55955985143,2345.51293950136,12020.6853225821,663.676762233588,2431.592495766,2062260.45121719,73615.5652749618,50.0604596709594,78977.4449315867,885.587104566795,7504.0832847315,2414.89853080401,11980.3758367895,661.959278478944,2199.304018152,2141237.89614878,71836.069106443,48.8757429499925,76866.3341554684,880.748028872438,7785.37537254255,2483.24349002186,11934.8923926956,665.384791974002,2726.663823684,2218104.23030425,70172.8276360577,47.8593344855078,74879.3607125324,877.355458707735,8079.85776347672,2555.76901889856,11909.0353812437,674.286097392626,2508.400778013,2292983.59101678,68431.7217155896,46.4590597471773,72808.9120192168,873.021221404693,8366.26426201701,2625.70228267828,11870.4333442395,685.218820801166,2513.702888802,2365792.503036,66664.2854454991,45.2793987668651,70710.3638942691,868.358034949398,8649.64610203018,2694.67850545409,11827.3665158508,697.760462478835,2591.232925041,2436502.86693027
"13",23763469,124939.694272941,394.662990551472,140340.795357947,1937.06261597222,9065.23095961686,3545.61154829317,22529.2694286505,4306.30089458581,5942.421146628,149702.078044928,485.386436001722,165496.202018088,1881.05005284054,8844.19139761104,3635.97940230382,22757.2653179301,4367.0413875001,4957.461814068,142522.642064313,601.908006581874,157152.556773215,1816.61601597065,9605.07545954421,3730.71859743848,22418.3741524761,4438.22984983395,5142.019808556,3126718.62488305,101483.228933014,624.238770230399,114944.560894332,1751.81202114875,10363.3798553341,3824.30530343764,22072.8997955031,4481.37351309281,4927.952752227,3241663.18577738,128197.215092081,332.665168157076,140495.330576592,1687.76552621834,11125.9542098461,3919.32277692783,21736.3041681379,4525.72002089813,5112.496604133,3382158.51635397,137288.318859518,502.624887140027,148426.001951024,1624.01096377144,11891.0086253312,4015.34132942051,21404.6807530657,4581.7510984139,4796.657630523,3530584.51830499,132011.088493327,355.924474166815,141980.414631845,1559.08270906459,12647.6207515723,4108.36547696786,21057.8641810258,4593.42047374733,4963.961413764,3672564.93293684,128894.849857355,347.829995686734,138283.17905591,1550.65788246189,13140.6400338269,4227.76545306313,20978.3113499199,4599.42426600798,4519.916525178,3810848.11199275,125735.055639325,339.933538045454,134539.252709033,1541.66859006295,13627.57210562,4345.70748298537,20890.1005852648,4627.78860934727,5576.749784838,3945387.36470178,122448.803056581,335.12264932341,130660.7996538,1531.06425290628,14098.9925622296,4458.78395431049,20779.9249065422,4721.51453398469,5136.45896916,4076048.16435558,119130.307542107,329.076306344051,126749.272096704,1519.94761472829,14563.6479382649,4569.84990397207,20662.664878133,4853.50499587702,5116.418027424,4202797.43645228,115933.476630797,321.42281725537,122968.334204241,1510.28933689885,15040.5593225432,4684.86758326497,20565.1275590883,4953.1605923946,5250.810361122,4325765.77065653
"14",23763475,60022.759130347,230.702476275038,73624.6896551449,3028.35537035364,12432.3071523519,3692.78989896213,23005.8823067961,2218.00369993069,3683.385823374,72098.5268169109,284.403498857931,85771.4133377662,3172.36540193135,12752.3262574188,3872.84609666564,23252.8473763427,2253.86988663386,3032.469250335,71147.209967605,349.303121507412,84036.7201700589,2951.33394267402,13122.5636962709,3756.45729123021,23060.7399560508,2274.29453409836,3063.41619903,1604812.59783393,52460.6308818345,367.276281922411,64541.4625110937,2724.084220371,13469.3773681975,3632.92122651628,22826.1247770856,2329.11118235693,3039.577374186,1669354.06034503,68708.1208839522,194.904249414731,79993.4649568217,2499.82996978672,13834.2792408522,3513.70346810032,22619.793343935,2341.55179727855,3244.340242692,1749347.52530185,76315.1367685581,290.96778407486,86804.881217538,2275.52678136763,14204.8953256584,3394.91322115678,22419.1129932706,2353.62442721399,3036.275097048,1836152.40651938,76139.0842218534,205.388597855368,85821.5455427033,2048.43009908319,14564.1427443848,3272.75956888856,22198.1739661515,2353.48342272661,3069.402824232,1921973.95206209,72293.8553641037,198.705605356445,82855.8020103002,2402.5010391043,14349.9685215701,3258.55115941062,22509.4141286623,2329.07355095233,2903.298884325,2004829.75407239,68319.9569148677,195.259565675477,79744.3509626125,2752.92990897494,14109.4076562136,3238.61619525043,22780.8717949834,2356.29286982864,3566.967518034,2084574.105035,64321.4000381667,191.11416167764,76603.2189983601,3102.1005682421,13863.1020497232,3217.41653993154,23042.8204416744,2384.50509996656,3239.38709091,2161177.32403336,60376.1193715097,187.549116863581,73527.1056570652,3454.32360687007,13629.3692015574,3199.06584804246,23326.0318802428,2440.28869693272,3274.69879305,2234704.42969043,56389.5553076254,184.057717045211,70400.5299919068,3804.17821201784,13385.9566959466,3178.53394665605,23592.7531682101,2494.36445787515,3356.009195292,2305104.95968233
"15",23763749,248919.551173849,341.558087315331,279607.038393252,3858.91182931612,18059.3498606598,7064.38221106981,44887.925250747,3726.85539858645,10849.99416705,298152.552604113,424.227745065505,329613.943254698,3745.80588735802,17612.7345131474,7242.23897203005,45328.3192763749,3816.79417267509,9439.87726863,284033.990125941,528.919161929919,313192.70406806,3620.03309947826,19140.8382696588,7435.36970096993,44679.5191122987,3900.03918698033,9344.95485642,6168719.27211764,202450.595887431,547.624840000868,229306.767518141,3494.48017825776,20672.8877892664,7629.52496086403,44034.5792417186,3931.36660221504,8916.206850315,6398026.03963578,255801.111909762,290.90484059098,280342.19477881,3367.46742828883,22198.5582390578,7820.95759421765,43372.173679817,3957.59456432521,9242.60040909,6678368.23441459,274106.940681858,437.928968965192,296344.851016587,3242.32056760572,23739.3888737961,8017.31252953244,42734.9786409186,3992.00593906235,8719.751375397,6974713.08543118,263830.752915816,308.552814572208,283754.336625596,3115.85517165699,25274.1551135251,8211.14603491928,42081.8836516485,3982.06057340153,8988.970767048,7258467.42205677,257596.376200902,302.279487337482,276358.723049873,3098.85590220749,26258.3687788927,8450.23886055214,41921.8597256562,3997.10095856317,8257.001079555,7534826.14510665,251374.248402346,296.769117867146,268976.535271491,3081.98063373431,27243.1789092353,8689.55489448233,41763.4851446465,4040.1566469972,10090.32621147,7803802.68037814,245180.613068045,290.80447635813,261625.021879671,3065.43938004324,28230.6491941033,8929.73870404331,41609.6186256861,4097.11956039017,9302.90815926,8065427.70225781,239002.75831994,284.287684700143,254290.413372756,3049.09002369921,29219.7855808161,9170.45592824986,41458.3506099325,4192.9232562732,9311.86611162,8319718.11563057,232737.609905532,279.290641272749,246863.233863909,3031.60188766461,30197.548010336,9407.6315471186,41291.5700810484,4303.89917551407,9592.07119902,8566581.34949447
"16",23763753,282865.245238195,273.167405480201,317737.651030049,4385.15992739245,20522.1422065403,8027.76719292325,51009.3880710013,2980.62162086023,9692.18318592,338469.691139667,340.579482594542,374185.391318386,4252.32569934311,19994.384615266,8221.55761073588,51457.7590946414,3064.20737356257,8161.587158184,322584.425983583,429.534351540819,355700.698424311,4111.36110477121,21738.7233243623,8444.53322611,50743.6346603189,3167.21518851938,7872.487598007,6998256.53775647,229925.599839286,448.974107259079,260426.480039269,3968.72356730017,23478.4496658151,8664.94413328805,50010.6062984984,3223.15877879984,8000.690925771,7258683.01779574,290615.816209126,240.312694401244,318496.957050922,3825.78202230425,25219.7970256884,8885.39521119175,49275.1558451805,3269.31724879039,8293.47906375,7577179.97484666,311310.110354419,363.380880509925,336566.26148702,3682.3845875441,26961.417874586,9105.46242319137,48535.1844196428,3312.45187219535,7905.422377206,7913746.23633368,299589.631823414,257.474814862619,322213.602085594,3538.16942632786,28699.7430793252,9324.06169585049,47785.5439151777,3322.86811361546,8252.274786426,8235959.83841928,292583.62131251,252.10627888348,313894.306914359,3519.74858950028,29824.8319343433,9597.96687841519,47615.7689466929,3333.65078080838,7412.400635958,8549854.14533364,285529.231647717,246.575377354457,305523.19474033,3500.73871089132,30944.7924400941,9870.23113207266,47438.0168218157,3356.82889434075,9573.77870379,8855377.34007397,278532.998022301,241.442830924647,297214.371030107,3482.4369271893,32070.9180785318,10144.4680379467,47269.8541591479,3401.66753168926,9092.34066555,9152591.71110408,271621.849018077,235.322967798062,288995.962864235,3465.22975668375,33207.7012130067,10422.0395324291,47116.5853024804,3470.74881367602,8783.823227535,9441587.67396831,264561.82823367,229.64573993419,280618.970441525,3446.13892959863,34326.7188875546,10694.0180509059,46937.7221658115,3538.86584333436,9530.15216814,9722206.64440984
"17",23764911,32762.3437443004,24.2769793676592,33585.4547663502,804.363933974404,3688.53451533534,574.569058805577,3707.28160341073,206.629725142313,1056.089426562,40374.31447897,30.7096190188823,41544.0373457872,845.057943328127,3400.21942919357,576.340341407557,3724.88435268266,209.331561562038,870.6276833724,37761.2437110834,37.8157876061536,39234.6400727245,756.788186879903,3577.98896607161,627.655764569044,4294.59714083281,212.065351952752,853.2453758094,697963.808934531,26400.1485428939,39.7773984936505,28178.9347450544,668.593015586861,3758.07732504966,679.444470836788,4868.2705116233,216.80767424017,869.4401316408,726142.743679586,32665.7805642817,21.8497644539615,34749.9094329316,579.727625543023,3936.57090378037,731.006660914159,5440.97214688722,225.487573291805,896.9538682656,760892.653112517,34188.4298680724,33.8359146799724,36577.7157095087,490.424117601452,4113.82818980227,782.380227367152,6012.68991363708,235.604492240464,853.8820412706,797470.368822026,32141.1853154268,24.2262090242962,34840.1141351522,401.544168194125,4297.67002297697,835.063864154995,6595.05467450826,238.807416891631,893.6196856929,832310.482957178,31787.8990532928,24.2004850419807,34161.5991618635,416.386831746227,4051.79610748479,776.958182236474,6009.10938430924,242.435203917174,802.2496917132,866472.082119042,31446.1527291631,23.8558392543357,33494.8790107532,431.420192243065,3806.98528235598,719.034104019082,5424.29137170303,247.405680342272,1040.254283484,899966.961129795,31093.432772566,23.2055928632813,32815.8369958984,446.344261906157,3560.4203383691,660.754272908146,4836.48029979535,249.435640243671,986.170290084,932782.798125693,30738.5703914891,22.8371473544013,32134.0068478198,461.271913926086,3313.25587689239,602.341670406449,4247.42041929697,255.850950478266,955.03939578,964916.804973513,30355.1252013455,22.7500772320049,31422.0640706441,475.785775311908,3062.85444090886,543.330523768907,3654.00753489554,266.551127587272,1035.314068095,996338.869044157
"18",23764961,123382.948433826,151.012950641732,138593.937828994,1912.76224387316,8951.55009760561,3501.63055475103,22249.7772489002,1647.75319706021,5550.747853779,147568.989206432,188.491732647336,163140.633912423,1853.96631265769,8717.3274438387,3584.50690882718,22435.0058371722,1695.86773881254,4797.57524049,140595.707245518,234.764119510671,155029.155887507,1791.90213695078,9474.63961127159,3680.47873874616,22116.1861163093,1731.05709093191,4732.003168542,3049609.78438442,100290.980695698,242.404827634833,113595.124251164,1731.1129293688,10241.0377263126,3779.5519307477,21814.0683524092,1740.21003791166,4503.76717842,3163204.90863558,126824.307850677,128.879131026439,138991.596043979,1669.56555667002,11005.8817294923,3877.57319040137,21503.6043661242,1753.32712707361,4548.197947086,3302196.50467956,135848.717821779,194.908768714542,146869.933112766,1606.90966372736,11765.3552746804,3973.4186401999,21179.6609019398,1776.71955368092,4348.21141125,3449066.43779233,130745.878755276,137.366230511501,140619.35419853,1544.1157559917,12525.0433605418,4069.17499972408,20854.4030478041,1772.79423425458,4469.432204853,3589685.79199086,127699.086987756,134.283800603857,137000.206039573,1536.20588633548,13017.1463135694,4189.06431540548,20782.0594790507,1775.66103754149,4191.623171343,3726685.99803043,124633.074759751,131.360423748744,133360.409199328,1528.06711575921,13507.3547718912,4308.34085701384,20706.6220957098,1788.31508135035,5113.727338275,3860046.40722976,121603.385850918,128.876817751334,129759.396902475,1520.38043738207,14001.688321987,4428.92465104608,20637.3189361615,1815.73453580391,4829.596297443,3989805.80413223,118556.81089651,125.909272033923,126140.219731991,1512.49463348133,14494.4126080087,4548.98519566414,20565.3268100083,1857.0199952499,4682.621087226,4115946.02386423,115531.556233665,122.640165269895,122543.552787833,1504.89507950594,14990.1415482054,4669.97282283983,20497.2430228672,1889.898292992,4907.732857965,4238489.57665206
"19",23765017,168357.96303597,203.063662250357,189113.595988814,2609.99400029179,12214.5301241168,4778.02966281503,30360.1690766691,2215.69605294048,6822.05756175,201474.041781801,251.753764806227,222733.807895111,2531.19634651646,11901.6549689089,4893.8811507745,30630.2247357019,2265.03879965005,5902.838502129,192049.520142504,312.552230660289,211765.178180731,2447.68458643459,12942.0735989496,5027.42359293064,30210.0470507424,2304.63563298687,5837.143829832,4174907.12306349,136987.619924731,322.93183494598,155159.772077973,2364.53007409202,13988.2507275863,5162.49636590957,29795.8728067369,2318.30869961383,5603.333506425,4330066.89514146,173247.11670252,171.402702177294,189868.122827467,2280.69384915925,15034.4780800891,5296.92127972013,29374.7903558761,2331.8360776309,5813.234327538,4519935.01796892,185583.373099517,259.112078375355,200639.490979412,2195.20449248527,16072.6899200762,5428.10006460417,28933.6033074859,2361.97426765669,5472.980725176,4720574.50894834,178596.174588392,183.232189434397,192083.138467064,2109.23028524639,17108.9509821834,5558.40914910764,28486.6845756088,2364.72215732778,5673.398467464,4912657.6474154,174461.723756079,178.706821122682,187168.856601877,2098.7552322909,17783.9469163013,5723.07444500987,28392.324529808,2363.07535222776,5150.971341918,5099826.50401728,170283.341599468,174.524843927052,182207.30058461,2087.76342203964,18454.7922865652,5886.38833869768,28290.9878496678,2375.94704370043,6376.391367876,5282033.80460189,166079.381495118,171.263448069216,177218.423894566,2076.45404698889,19122.7548487331,6048.78771744052,28185.3432011927,2412.91616914491,5878.609869942,5459252.22849645,161925.98802164,167.252615089838,172283.477894821,2065.7791488477,19796.6026970299,6213.0460218495,28088.3134213634,2466.7877548842,5859.818266914,5631535.70639127,157762.206285081,163.147968202583,167337.32223532,2054.98459217707,20469.539927148,6377.00416960105,27989.6712852098,2514.12794440244,6067.58506425,5798873.02862659
"20",23765019,76272.9258831139,57.3216697462072,85676.0620658151,1182.43221377711,5533.67321660204,2164.63953214585,13754.3771855261,625.456056475735,3040.728624342,91475.5790700081,70.3810332202497,101128.18443251,1149.24309598278,5403.72730176065,2221.97662888864,13907.0895682796,633.221001187515,2554.247150226,87214.9048731854,87.3866441449431,96168.3208413188,1111.56007162659,5877.34724333915,2283.08964317799,13719.203139846,644.35430045762,2641.825106154,1883130.74069021,62204.2597074205,90.6186271532087,70455.9927662485,1073.70171768546,6351.87896241566,2344.22106800674,13529.9103035582,650.545808565106,2530.27322235,1953586.73345646,78691.0332617971,47.9753110419907,86240.5046222266,1035.92001390899,6828.85024115868,2405.92869042255,13342.4015876792,652.676764731294,2615.54848821,2039827.23807868,84312.0822803552,72.2492487231663,91152.2028596473,997.299804941986,7301.95777981378,2466.03136708533,13144.7785541638,658.598655113399,2447.251118235,2130979.44093833,81131.4253707314,51.1938228381816,87258.189316947,958.166432576414,7772.13500222828,2525.03536595977,12940.7325158676,660.687227268572,2549.263895019,2218237.63025528,79212.7497959995,50.3987060200875,84982.3072270954,952.920615016626,8074.63842003468,2598.50960036527,12891.275236114,666.431976306504,2296.812749202,2303219.93748237,77319.016873483,49.2052423406666,82733.2210892981,947.971855263545,8379.60062798072,2672.77911631646,12845.8329885323,669.870532144613,2865.502777608,2385953.15857167,75439.4791318764,48.0739503352185,80499.2496408783,943.203246158065,8686.27190424238,2747.58606802988,12802.8391670863,677.309801865238,2636.042668722,2466452.40821255,73559.3780029415,46.9810716544489,78264.5554858861,938.437561118203,8993.15668075629,2822.44874003685,12759.8966025827,692.917908675336,2648.219841009,2544716.96369844,71687.777760106,45.6854920293482,76038.7487590004,933.793220907579,9301.440843806,2897.73620977093,12718.6186217928,704.018403846359,2710.350552789,2620755.71245744
"21",23765025,53725.8226203273,84.4259133233521,55075.6136216251,1319.04830668336,6048.6988552013,942.215721116932,6079.44154981579,718.577999375505,2010.519848853,66185.7260969564,109.546252918103,68103.2560481544,1385.30583850051,5573.98917391839,944.796325765382,6106.21328661585,746.720047960107,1535.296805397,61845.1865504359,134.579714716017,64258.308150604,1239.46411709465,5860.0134247472,1027.97164590836,7033.67090782067,754.703164302442,1684.983115143,1149308.21959089,43262.3706003979,139.509136745847,46177.2976801342,1095.6346997124,6158.42496935544,1113.41716323958,7977.71734937932,760.397929943786,1659.780832149,1195485.51727102,53519.9975564604,74.3498929336188,56934.6587104466,949.832533204536,6449.7238857207,1197.689876992,8914.55250650236,767.284103562391,1747.051482645,1252420.17598147,56062.0870835528,111.884091208442,59980.0310027964,804.196030497534,6745.84340706585,1282.94480350115,9859.59129581188,779.065521008469,1660.879677483,1312400.20698426,52701.7574836543,80.6477747782491,57127.1789709741,658.410172601363,7046.8702716758,1369.25047474639,10813.8815863941,794.977322020825,1715.163738885,1369527.38595524,52026.3442333441,82.2195966169857,55911.3112375549,681.488405582965,6631.4586785971,1271.6252110962,9834.93727722488,823.6580645904,1524.250860219,1425438.69719279,51463.7939698492,80.3247245778898,54816.6755819324,706.048847350388,6230.39352078575,1176.74881583258,8877.2262855185,833.036847734739,2026.874633328,1480255.37277472,50904.0905605045,77.8415456806273,53723.8956687931,730.725002138691,5828.88228081758,1081.74274588405,7917.96238696744,836.714489424971,1863.517053789,1533979.26844352,50250.5785231456,76.5044436372442,52531.8000741101,754.074774332456,5416.42055855511,984.691773918756,6943.56733518714,857.100684102192,1895.321682783,1586511.06851763,49583.1810687891,75.4636708183579,51325.9583689933,777.166033438033,5002.97940870286,887.496116769093,5968.59067546902,884.169593948025,1956.055981104,1637837.02688662
"22",23765049,62055.0781906865,36.1060632424386,69705.3989866844,962.017945837974,4502.15486244997,1761.13442439345,11190.4577126099,393.965424078969,2519.862697251,74303.6712694866,44.8173475908257,82144.2777246861,933.505773680633,4389.33299075029,1804.86445322274,11296.4336722691,403.22348811251,2108.58881544,70830.1711573855,55.7914730353298,78101.5427926384,902.735492740689,4773.19228636906,1854.17424268349,11141.8284288813,411.384095715506,2187.622779705,1531606.67060675,50536.6882199864,57.4604476721482,57240.6545211688,872.308893364434,5160.46534826614,1904.51859390021,10992.1227560841,412.505183158329,2095.901374185,1588847.32512792,63883.0124709277,30.9658825816485,70011.8298606133,840.981347230058,5543.80222288716,1953.1827981352,10831.6382653427,421.273184508381,2164.866448779,1658859.15498853,68444.3589298389,46.7978088320509,73997.1534450507,809.605740528747,5927.71291675894,2001.91872215635,10670.901691442,426.592310698452,2026.576398375,1732856.30843359,65868.4892516346,33.1254147776469,70842.649181582,777.910348265679,6309.9937973136,2050.01038873304,10506.2433789953,427.503499997311,2109.423216996,1803698.95761517,64338.5708612005,32.471649516298,69024.74929301,773.985888284897,6558.42269715287,2110.57430132358,10470.6152406774,429.378991445802,1904.665003965,1872723.70690818,62808.112007265,31.6319415047143,67206.2013592489,770.060521625014,6806.95275367452,2171.16327776092,10434.9815840334,430.63105637868,2371.062138822,1939929.90826743,61244.4236991881,31.3339140577764,65352.1234399599,765.725584361114,7051.82118158325,2230.58705119433,10393.795337994,441.46085300145,2182.606206462,2005282.03170739,59732.6978035382,30.4854953846647,63553.4607345339,762.042974908264,7302.74677268213,2291.92364361559,10361.4667287696,449.626731851551,2188.237324158,2068835.49244192,58195.3612292508,29.8478547925075,61727.4323422092,758.043218831418,7550.80889338195,2352.3508573388,10324.8367875089,459.958690512954,2240.463148866,2130562.92478413
"23",23765113,14073.899702359,20.6535496112921,14427.4880188313,345.535027020773,1584.50400321406,246.820782078977,1592.55729266561,175.789467658385,543.8229218676,17343.8157222002,26.1260937921835,17846.2999899811,363.016175823834,1460.65091026364,247.581681661722,1600.11900222072,178.088044910988,423.1876137831,16225.8662515567,31.6985278463346,16858.9791988535,325.189074677304,1537.44857709714,269.701352154527,1845.37244971669,177.760662666278,455.9998463703,302634.778951099,11350.4296492802,32.8595900599721,12115.1976056396,287.453609402567,1615.74061696001,292.119063432361,2093.05496391683,179.101991763619,444.8890153809,314749.976556738,14046.9295752346,17.2977301927195,14943.14607268,249.294307013291,1692.80308929108,314.347274349738,2339.72527972312,178.510995522679,468.6248545794,329693.122629418,14714.1297656558,25.715295156779,15742.4385254847,211.070357265338,1770.5230117892,336.723395487497,2587.76141435283,179.059414102753,444.2299555131,345435.561154903,13827.8682806149,18.4884226764366,14989.0087877762,172.753425617208,1848.9553016811,359.26344987328,2837.34238322515,182.247765522561,456.1673673393,360424.569942679,13674.6251216563,17.9952324671138,14695.7514024942,179.122685024823,1743.01525075157,334.234478959273,2585.01884656462,180.272331117899,413.0435958048,375120.321345173,13513.6824510483,18.1183589273436,14394.1029157385,185.398688709421,1636.01540209598,308.998008019487,2331.03717807667,187.903048361219,528.856945038,389514.424260912,13362.104433583,17.6245009088213,14102.2911243661,191.812164470394,1530.05648288266,283.952809717581,2078.43100919535,189.444790058484,486.6147202707,403616.715385278,13204.6582376084,17.413324857731,13804.1090664357,198.15293621098,1423.3066453938,258.753604955861,1824.60453801016,195.086349739678,487.1632541589,417420.824451714,13047.3031788895,16.9238379408817,13505.8970673596,204.503233556827,1316.48247926102,233.535458112476,1570.57313417425,198.288033936873,502.9662993696,430926.721519073
"24",23765141,75886.4381917935,348.531493680942,94179.6219400157,4343.55059784901,17718.0592557241,5090.7683772446,31667.6924060972,3350.05118429419,5459.213467404,91350.3112228132,428.384171833087,109735.550877145,4572.65988794968,18204.1491959502,5349.22630158823,32016.7289623322,3394.11742765096,4407.362124255,90551.5060990133,528.617192280519,107947.251005695,4239.14067496128,18659.160161604,5164.18446359955,31815.764393324,3441.0146378384,4676.490359631,2053100.87941891,67175.7880622227,547.812213905305,83574.0186359064,3903.82833544949,19113.3760715429,4977.38954712888,31607.7783097771,3473.22089019743,4535.135407476,2136674.89805482,88334.6835755256,293.017681253764,103720.276903721,3564.62853665847,19554.4322116096,4786.32010972028,31375.3970031465,3519.48903990412,4737.728492208,2240395.17495854,98616.7496258348,437.27445783352,113005.490869847,3228.68005302298,20021.5787023804,4600.560516534,31181.6398933697,3536.33072534786,4459.827805191,2353400.66582839,98771.7823891851,310.654985590778,112137.121023362,2886.4997449882,20455.7818723118,4406.64936019418,30934.6207615008,3558.93616714697,4578.738624297,2465537.78685175,93308.7978220098,304.566206266947,108015.354579844,3413.61802237761,20014.8633984019,4356.62987285304,31307.8021338583,3569.10968852998,4276.44609048,2573553.14143159,87804.9206217008,297.347376786872,103855.586630234,3942.05508433195,19572.5986844267,4306.62693543357,31681.2096086275,3587.45930805133,5254.453975194,2677408.72806183,82256.7223822486,291.133296065921,99636.2463229428,4466.7245290407,19113.4695840381,4252.66671654802,32026.2689956916,3631.63819073764,4843.785809889,2777044.97438477,76688.7936082949,286.077183948676,95404.0376662832,4993.16561366422,18658.1268233807,4199.84923171255,32380.2052677047,3721.45172076449,4791.252731283,2872449.01205105,71121.1685586661,280.91899034012,91163.9323142803,5517.48153928994,18197.167991569,4145.57060461876,32722.4502078932,3806.17080666545,4946.376537261,2963612.94436533
"25",23765157,15707.2096313896,84.701853456969,19653.0701533493,923.181958161168,3756.62749925465,1090.29582218438,6779.30606305321,814.146066080306,1127.681890731,18956.3297727829,103.413882007987,22930.2199426125,975.716475789412,3883.58974408311,1150.82694958514,6881.76343812323,819.355340983772,832.4662719726,18801.541710857,128.893596956643,22544.0399307466,903.02070997112,3969.19413095337,1106.71924692048,6808.67164087182,839.028242607911,932.66499006,426346.569097933,13996.3574384693,133.294379845551,17518.5211274011,832.956382395651,4067.24387413265,1065.93416879918,6756.45118066885,845.108620936125,921.015518013,443865.090225334,18427.1454676264,71.0028548570594,21718.1797785303,760.297194383214,4153.65235194674,1021.94272875051,6684.38946846743,852.828294873121,979.844980887,465583.270003864,20614.3373741432,105.882886575402,23681.3610844666,689.249824731562,4249.6886957927,980.209087384295,6627.46258138459,856.297225637803,937.246408839,489264.631088331,20703.8128440367,76.4485241923252,23542.708273424,617.218024144823,4341.1789854194,937.24463194435,6562.85639066186,875.812172000607,956.987980416,512807.339361755,19452.3139079589,76.1955143956288,22578.3735813845,728.676958548379,4235.66819614395,924.372099597385,6633.05091102118,892.909794508208,863.438510313,535385.712943139,18255.8286626893,75.0217336187997,21676.4037539735,841.713600530981,4141.62692747751,913.971642680908,6720.48841823074,905.127933144063,1127.190381705,557062.116697113,17022.7551335446,74.380127303466,20729.6455632268,952.627268273155,4038.82516367791,901.61108941571,6793.08832508692,927.82829926135,1040.134021443,577791.76226034,15843.2070058064,72.7246773802112,19847.0965288473,1066.22113159777,3948.39042773744,891.992752172078,6886.05881918053,946.043204295467,1041.857604621,597638.858789187,14627.0993068137,72.482584676321,18918.0772017787,1177.1368776931,3848.61481356985,880.251990627501,6962.45583084169,982.066386657055,1081.834591311,616556.935990966
"26",23765209,80729.4053565437,48.756362772636,90681.9485916016,1251.51944005574,5856.99503514938,2291.11523149382,14558.0188301516,531.997105508097,3031.031214549,96645.0155535201,60.3497135428808,106843.105632589,1214.18872681887,5709.1008817332,2347.54420842915,14693.0022339837,542.968812512513,2583.479082996,92154.8115945181,74.5886001511757,101615.354638972,1174.51952880857,6210.24386454391,2412.40526749862,14496.2673801888,549.986622587397,2639.234380617,1991854.61829702,65744.0307446238,77.0258330802274,74465.3336661229,1134.80136360577,6713.33647816675,2477.62038632291,14299.8380360601,552.96393728034,2530.071433755,2066319.95196314,83149.7754077824,40.9970839813375,91127.0101961322,1094.6166663029,7215.78228559605,2542.25191821057,14098.400407643,557.74196258856,2655.88427934,2157446.96215927,89100.2012667213,61.7402670907057,96328.7752008461,1053.93688472924,7716.63906555064,2606.07833651556,13891.2761149462,562.802487096905,2492.048491434,2253775.73736012,85759.8611938601,43.5494963510323,92236.1485657883,1012.82850489662,8215.52457540695,2669.08514801489,13678.9834424385,562.032573423038,2550.431837853,2346011.88592591,83783.461031172,42.5062912070984,89885.9318005904,1007.90576541856,8540.55887654524,2748.44805163329,13635.123880545,562.069026996761,2382.171359193,2435897.8177265,81790.4553110863,41.4070900947128,87517.7685370592,1002.79404471698,8864.20156905358,2827.34868741533,13588.7207503095,563.70801477348,2880.529825869,2523415.58626356,79912.9046580972,39.1673925722205,85272.7104644296,999.133503449502,9201.3522164514,2910.51298366681,13562.0245193343,551.826066251812,2645.887434507,2608688.29672799,77931.3796795258,38.2112716122851,82916.2093890463,994.213598137091,9527.6649535761,2990.20098262679,13518.2810649595,563.573232389273,2620.380710565,2691604.50611703,75939.7738728187,37.259056832824,80548.8127370015,989.179024030995,9853.13447340682,3069.60878672322,13472.9943135586,574.166120470252,2686.813783092,2772153.31885403
"27",23765255,50738.5374101523,115.66780470948,57305.253820513,891.954757271256,4086.86091685899,1539.89166721431,9761.62256994847,1232.16352145399,2892.353989761,60829.7262469698,141.784212026581,67553.3447129412,878.134562984277,4020.22050840394,1584.19641700485,9865.70441139102,1245.34823221605,2425.420991394,58204.1019620866,177.286921939753,64459.5025898272,844.384430961523,4340.12098002145,1618.66745136889,9751.13717680052,1277.07723201255,2474.196575922,1252237.22098739,41624.9293400482,182.424901303714,47404.1225371182,809.887270746749,4658.19854843823,1651.89872480768,9627.50447476151,1279.42729117306,2427.654266208,1299641.3435245,52755.9719880218,96.9106090436198,58053.2379874805,774.700529487751,4973.91829641903,1684.01432372896,9496.48376638991,1288.0466956481,2559.687923412,1357694.58151198,56646.3084829299,146.484680286353,61458.0546411536,739.071767277556,5287.80746492049,1715.30057475001,9360.48185586667,1306.07157220792,2410.903508706,1419152.63615314,54578.0244560504,103.614879477242,58897.271383155,702.342823766246,5593.89136130941,1744.0201498827,9210.79546464778,1308.07101862259,2413.906370955,1478049.90753629,53208.0207742442,101.159839856593,57349.4699905195,717.063373500644,5774.37915787026,1789.99068227419,9198.7650006449,1308.10372120197,2288.569326471,1535399.37752681,51774.1875778473,99.4649220125461,55733.3169686366,731.023585577351,5948.06554840799,1833.80617815759,9176.17135361997,1324.39232658007,2765.684001501,1591132.69449545,50371.0253551151,97.8355017946487,54149.9085020384,745.27337160138,6124.36987612134,1878.53297226815,9157.97965144331,1348.11979409346,2537.250594237,1645282.60299749,49006.8981581307,95.1296784089289,52609.7364614487,760.478084192786,6306.32198587094,1924.85163366239,9148.68220499609,1371.58948179272,2565.028835073,1697892.33945894,47612.3978256111,93.178541304653,51038.3363692233,775.633213927013,6485.02259682967,1970.10301475374,9135.3279265149,1403.80758174257,2647.899006471,1748930.67582816
"28",23765265,108689.618621848,93.0324111283271,122089.173886233,1684.97674467835,7885.53506406877,3084.63117782134,19600.113583775,1015.10799051004,4077.500075766,130162.614524369,114.227607939072,143897.519115611,1635.28329219667,7689.08249529179,3161.69944337651,19788.7037943371,1027.71040652502,3428.574453207,124061.924620023,142.17826999326,136798.027681139,1581.17791927059,8360.44035969618,3247.66157372475,19515.3655015411,1048.36592133951,3498.289957962,2681953.71459705,88471.4877045215,147.66717197466,100207.711289351,1527.09780264776,9034.11091406218,3334.12416400958,19243.236696244,1060.09396532087,3384.841441734,2782161.4258864,111920.193479076,78.1779500388802,122657.608662239,1473.36187593088,9712.49465853891,3421.88929751514,18976.5479657712,1063.56645525531,3575.910377007,2904819.03454864,119919.212290793,117.897637689167,129648.089216347,1418.48479828461,10385.759685358,3507.49893760086,18696.1518126273,1074.71325993505,3351.222787815,3034467.12376499,115413.56565382,83.27682945849,124129.19797164,1363.04032584319,11056.2560592412,3591.99081805541,18408.8480512189,1074.73781992331,3423.558175461,3158596.32173663,112747.438371005,81.2918725737877,120959.535824581,1356.33920790203,11493.0336337975,3698.58768668128,18348.7918794713,1074.93837789036,3196.797357357,3279555.85756121,110027.636311342,79.6290194129092,117732.236246282,1348.99675063118,11924.4616345602,3803.45716283253,18280.0648188688,1084.05387456439,3897.232527564,3397288.09380749,107343.765513728,77.9055534450193,114543.375390701,1342.09553475823,12359.8034504919,3909.5741117168,18217.3177927069,1097.6047235584,3564.840295143,3511831.46919819,104631.175926649,76.5269456060246,111323.840633037,1334.83762668042,12791.9047760641,4014.66323778508,18149.731855771,1128.68628235338,3555.760897593,3623155.30983123,101942.702677573,74.7211602968895,108129.9462602,1327.88890457543,13226.9969587595,4120.68932948714,18086.3516368113,1151.46121162427,3645.323487693,3731285.25609143
"29",23765349,17308.7488572341,77.0249483098117,21656.9373899565,1017.31147914447,4139.66092391329,1201.46461460395,7470.53797749125,740.356392417438,1328.948251182,20784.543570158,95.8928724074066,25141.6894084011,1069.8179366073,4258.13652811676,1261.81666820902,7545.46442975255,759.765861639498,1080.590821956,20656.9172509513,118.919687668331,24768.7330386666,992.132686172063,4360.88252638978,1215.93262165677,7480.5656279331,774.103438120394,1114.788980979,472242.384738296,15363.6108643351,123.406072735347,19229.8419573272,914.324872192655,4464.55818574458,1170.06141408033,7416.46440654395,782.415103062525,1111.120473429,491472.226695624,20243.1540064649,66.1855520201498,23858.5221335159,835.225033829676,4562.9978011241,1122.65592520709,7343.14089434538,794.966788141316,1176.766279209,515330.74882914,22639.9085400948,99.3237697078996,26008.2989487586,756.975725679734,4667.264421378,1076.52473546813,7278.67910436213,803.252264757585,1102.092455574,541339.047777898,22738.8315090161,70.4828879114212,25856.7675784173,677.885603056899,4767.88204392823,1029.36825835203,7207.93251027252,807.468447595935,1111.423148235,567195.815356315,21428.382030605,69.5041236130099,24872.0032496325,802.699787724759,4665.94959814628,1018.27466811035,7306.87102944909,814.495619919668,1048.459042926,592067.818605948,20100.3294861216,68.9104126217626,23866.5067239345,926.757202657168,4560.08146160089,1006.31592782224,7399.50149675664,831.395601511541,1284.889559625,615934.325329883,18757.6285875962,68.4049924231322,22842.3066170577,1049.71424076188,4450.4418794828,993.498749940388,7485.40566818243,853.293615941186,1174.880309211,638776.63194694,17458.9156773957,67.3004611115215,21871.1265093793,1174.95560230959,4351.05187441154,982.959210172089,7588.30710408559,875.481970825916,1182.145042872,660647.75845632,16136.47120794,66.2138205962068,20870.2355588632,1298.60575472067,4245.7537770795,971.085285233268,7680.91237328206,897.130915378607,1214.468015319,681517.994015183
"30",23765635,12480.4542517647,18.1171487818352,12794.009336071,306.413587443159,1405.10662588681,218.875758977103,1412.24812274994,154.201287419636,483.910207443,15402.8520517184,23.3759786561641,15849.1028052385,322.390674471821,1297.18801389252,219.874569381517,1421.04809294078,159.341934920358,399.432941208,14410.0134184309,28.3618407046152,14972.2740659975,288.796841843653,1365.39117743509,239.518805545611,1638.85498315808,159.049013964564,416.2465084077,266845.542114908,10080.191776226,29.400685843133,10759.3737898252,255.284390025709,1434.92147723478,259.427728454002,1858.81910080833,160.249150525343,401.4940034862,277604.915904733,12473.8942396975,15.7803854389722,13269.7485753464,221.377262809445,1503.23574923294,279.145320247705,2077.7128220724,162.852136266303,417.0102239943,290874.66448008,13066.3784952385,23.4595675114475,13979.5328359904,187.433794663915,1572.25226194247,299.015667505597,2297.97280803041,163.352447953389,391.4642360259,304854.19731607,12278.3496200742,16.8945931353644,13309.3754308236,153.395079758399,1641.76568399599,319.005225804911,2519.39641498694,166.536751253374,407.6703427077,318163.572746894,12150.2406818651,16.4439193233971,13057.5364920522,159.154910300744,1548.71191132352,296.975553435944,2296.85281120988,164.73161291808,364.9863691233,331221.109238946,12023.0070395079,16.0045503858202,12806.3095540549,164.947618648237,1455.54883114908,274.912869905716,2073.90372704786,165.98102605241,463.776343317,344027.418793001,11888.1493811588,15.5683091361255,12546.6871132738,170.653632867619,1361.27809212475,252.630372401393,1849.16219137209,167.342897884994,426.2509801485,356574.105906275,11755.7896924831,15.1296101222908,12289.4663502105,176.410794064309,1267.13567970341,230.36211216504,1624.40154336647,169.501254691851,430.6982585193,368863.572256485,11615.700267671,14.70431821093,12023.9753786283,182.064311083772,1172.03269342883,207.911002458873,1398.2434933023,172.283045879578,441.7016596983,380887.547635113
"31",23765753,100046.268695696,152.184049767416,102559.800301404,2456.28368030081,11263.6665464078,1754.5597741766,11320.9144718154,1295.29081432495,3830.951047932,123404.427049582,192.508059521352,126979.694693112,2582.92661227534,10392.7988850696,1761.58903339414,11385.1399163244,1312.22769934412,3149.749395504,115503.106818182,234.6803289676,120009.893158331,2314.84395632528,10944.2592755795,1919.85707289581,13136.2016594034,1316.05262535385,3195.684968229,2126797.69583119,80767.8151679476,243.852747287162,86209.7798207588,2045.47322973437,11497.3479896638,2078.6718433901,14893.8394127406,1329.12530729844,3171.65432121,2213007.47565195,99947.5375474291,130.18817987152,106324.349757477,1773.7934811391,12044.7318697758,2236.66217145377,16647.7505986848,1343.530124197,3265.00315461,2319331.82540943,104665.931574691,193.992577498509,111980.594147881,1501.40551448336,12594.2507885097,2395.21252245265,18407.507847217,1350.79908884533,3070.903139604,2431312.41955731,98344.5966248454,137.069340532202,106602.694871386,1228.63232517926,13149.8767294528,2555.10237318133,20179.3426508142,1351.14722715002,3225.886686684,2537915.1144287,97228.8263567995,134.964243503354,104489.201611308,1273.59165490108,12393.1241730487,2376.46193793797,18379.9077726559,1352.04248338424,2894.034638475,2642404.31604,96148.5640443597,132.867965467186,102412.67182859,1319.09401894635,11640.0938260749,2198.49140833825,16585.1075913584,1377.95568798228,3706.617067452,2744816.98786859,95070.1008813559,130.127565043464,100336.45871545,1364.72528837898,10886.2062038847,2020.29720689409,14787.8387496,1398.73403326514,3461.038799121,2845153.44658404,93976.9106634519,127.602560842717,98243.173066775,1410.24481277092,10129.6041937619,1841.53682580939,12985.6217843141,1429.56718579731,3419.867418921,2943396.61965082,92848.4498886678,124.293104877295,96111.9389859208,1455.30520542312,9368.47682843373,1661.90706098306,11176.6607202636,1456.27933120851,3620.310934122,3039508.55863674
